icohp_num,icohp_num,atom1,atom2,bond_dist,icohp_value,icohp_scaled,in_dumbbell,color_indumb,center1,b,c,center2,e,f,dih_angle
1.0,1,P1,P3,2.20658,-5.34388,0.818026375207611,True,1,P1,P32,P195,P3,P58,P81,-73.094466
2.0,2,P1,P32,2.31131,-4.60713,0.705246722233703,True,1,P1,P3,P195,P32,P135,P161,-0.862394
3.0,3,P1,P195,2.21951,-5.27964,0.8081926936235677,True,1,P1,P3,P32,P195,P29,P141,66.860776
4.0,4,P2,P75,2.22799,-5.13934,0.7867159575363749,True,1,P2,P114,P149,P75,P40,P227,65.75234
5.0,5,P2,P114,2.2914,-4.78072,0.7318193994780066,True,1,P2,P75,P149,P114,P216,P239,1.959618
6.0,6,P2,P149,2.22869,-5.21619,0.7984799430552685,True,1,P2,P75,P114,P149,P117,P164,-71.757207
7.0,7,P3,P58,2.20289,-5.33167,0.8161573021668083,True,1,P3,P1,P81,P58,P144,P230,86.960985
8.0,8,P3,P81,2.24621,-5.0455,0.7723511897928099,True,1,P3,P1,P58,P81,P29,P135,41.571039
9.0,9,P4,P100,2.24112,-5.17283,0.7918425141405095,True,1,P4,P136,P180,P100,P99,P121,-59.775099
10.0,10,P4,P136,2.29741,-4.74674,0.7266178350286637,True,1,P4,P100,P180,P136,P89,P220,-13.21281
11.0,11,P4,P180,2.21302,-5.47518,0.8381254161787329,True,1,P4,P100,P136,P180,P17,P179,46.421785
12.0,12,P5,P55,2.23083,-4.98911,0.7637191645044508,False,0,,,,,,,
13.0,13,P5,P108,2.21321,-5.25735,0.8047806020527657,False,0,,,,,,,
14.0,14,P5,P162,2.23757,-4.67886,0.7162269523087874,False,0,,,,,,,
15.0,15,P5,P205,2.24497,-4.81268,0.7367117479124092,False,0,,,,,,,
16.0,16,P6,P31,2.22216,-5.30095,0.8114547695039532,True,1,P6,P48,P145,P31,P34,P235,-100.309847
17.0,17,P6,P48,2.22345,-5.1465,0.7878119905398268,True,1,P6,P31,P145,P48,P13,P234,65.428824
18.0,18,P6,P145,2.19229,-5.55647,0.8505690646215548,True,1,P6,P31,P48,P145,P143,P148,-50.037145
19.0,19,P7,P24,2.18615,-5.61171,0.8590250510895272,True,1,P7,P97,P167,P24,P50,P152,60.446337
20.0,20,P7,P97,2.18628,-5.64034,0.8634076523309836,True,1,P7,P24,P167,P97,P90,P173,-50.727004
21.0,21,P7,P167,2.29775,-4.70508,0.720240637413607,True,1,P7,P24,P97,P167,P98,P207,19.294585
22.0,22,P8,P30,2.22387,-5.48495,0.8396209807658455,True,1,P8,P192,P201,P30,P69,P78,-45.940554
23.0,23,P8,P192,2.27328,-4.94978,0.7576986368472212,True,1,P8,P30,P201,P192,P61,P189,14.489902
24.0,24,P8,P201,2.2541,-5.1117,0.7824849027576863,True,1,P8,P30,P192,P201,P130,P200,63.721162
25.0,25,P9,P124,2.25745,-4.71295,0.7214453552539934,True,1,P9,P138,P247,P124,P57,P176,47.495181
26.0,26,P9,P138,2.28369,-4.54151,0.6952017940651956,True,1,P9,P124,P247,P138,P67,P176,-26.603764
27.0,27,P9,P247,2.24545,-4.86777,0.7451447727951138,True,1,P9,P124,P138,P247,P65,P170,-76.385425
28.0,28,P10,P39,2.28956,-4.79576,0.734121681094196,True,1,P10,P159,P172,P39,P183,P205,-25.035987
29.0,29,P10,P159,2.22986,-5.21302,0.7979946882199414,True,1,P10,P39,P172,P159,P118,P232,99.007304
30.0,30,P10,P172,2.1935,-5.65175,0.8651542635836911,True,1,P10,P39,P159,P172,P22,P226,-68.253816
31.0,31,P11,P96,2.26567,-4.99241,0.7642243193803433,True,1,P11,P131,P139,P96,P41,P95,42.400168
32.0,32,P11,P131,2.28247,-4.84976,0.742387851790621,True,1,P11,P96,P139,P131,P177,P186,-6.843291
33.0,33,P11,P139,2.19216,-5.56607,0.852038606078697,True,1,P11,P96,P131,P139,P91,P110,-60.607839
34.0,34,P12,P36,2.21252,-5.49652,0.841392084376172,True,1,P12,P71,P208,P36,P157,P230,-77.235773
35.0,35,P12,P71,2.29386,-4.7503,0.7271627899856873,True,1,P12,P36,P208,P71,P104,P120,-25.317303
36.0,36,P12,P208,2.25458,-5.27283,0.8071502376524075,True,1,P12,P36,P71,P208,P144,P194,-1.123703
37.0,37,P13,P48,2.19957,-5.52959,0.8464543485415565,True,1,P13,P87,P143,P48,P6,P234,-48.748214
38.0,38,P13,P87,2.22165,-5.38253,0.8239428103449595,True,1,P13,P48,P143,P87,P211,P225,61.336131
39.0,39,P13,P143,2.28179,-4.72935,0.7239558219099447,True,1,P13,P48,P87,P143,P145,P166,13.622913
40.0,40,P14,P68,2.28626,-4.74071,0.7256947793008962,True,1,P14,P219,P235,P68,P231,P246,-5.699256
41.0,41,P14,P219,2.26479,-4.71654,0.7219949025280705,False,0,,,,,,,
42.0,42,P14,P235,2.27756,-4.95302,0.7581946070890068,True,1,P14,P68,P219,P235,P31,P126,134.633636
43.0,43,P15,P64,2.22154,-5.4803,0.8389091716225421,True,1,P15,P146,P203,P64,P53,P125,-30.307496
44.0,44,P15,P146,2.21253,-5.34794,0.8186478687821941,True,1,P15,P64,P203,P146,P197,P240,64.591912
45.0,45,P15,P203,2.21872,-5.32735,0.8154960085110943,True,1,P15,P64,P146,P203,P27,P221,45.739609
46.0,46,P16,P19,2.25721,-4.9019,0.7503692988297246,True,1,P16,P60,P102,P19,P20,P35,-4.079224
47.0,47,P16,P60,2.24114,-5.20349,0.7965358621692575,True,1,P16,P19,P102,P60,P42,P198,48.052042
48.0,48,P16,P102,2.21982,-5.0058,0.7662740235585864,True,1,P16,P19,P60,P102,P25,P111,-79.357438
49.0,49,P17,P77,2.21296,-5.56863,0.8524304838006015,True,1,P17,P180,P220,P77,P141,P161,81.287801
50.0,50,P17,P180,2.22171,-5.29102,0.8099347125592217,True,1,P17,P77,P220,P180,P4,P179,-67.100779
51.0,51,P17,P220,2.21298,-5.38345,0.824083641401269,True,1,P17,P77,P180,P220,P136,P215,51.220804
52.0,52,P18,P26,2.23268,-5.24957,0.80358966116354,True,1,P18,P118,P150,P26,P46,P83,-78.783144
53.0,53,P18,P118,2.20506,-5.4617,0.8360619350493291,True,1,P18,P26,P150,P118,P159,P174,61.948429
54.0,54,P18,P150,2.21781,-5.36446,0.8211767047063596,True,1,P18,P26,P118,P150,P23,P122,68.914389
55.0,55,P19,P20,2.19885,-5.46862,0.8371212295163524,True,1,P19,P16,P35,P20,P42,P113,-59.941805
56.0,56,P19,P35,2.23694,-5.24316,0.8026084360864273,False,0,,,,,,,
57.0,57,P20,P42,2.23565,-5.25569,0.8045264938424682,True,1,P20,P19,P113,P42,P25,P60,75.247798
58.0,58,P20,P113,2.22212,-5.29093,0.8099209356080611,True,1,P20,P19,P42,P113,P54,P154,115.775082
59.0,59,P21,P59,2.27966,-4.7271,0.7236113981309269,True,1,P21,P160,P171,P59,P41,P137,44.987019
60.0,60,P21,P160,2.24313,-5.14565,0.7876818748899757,True,1,P21,P59,P171,P160,P219,P248,67.899982
61.0,61,P21,P171,2.18372,-5.67868,0.8692766335254453,True,1,P21,P59,P160,P171,P23,P242,52.226868
62.0,62,P22,P55,2.26075,-4.87928,0.7469066917713332,True,1,P22,P172,P205,P55,P5,P184,-14.720637
63.0,63,P22,P172,2.2326,-5.26732,0.8063067820869019,True,1,P22,P55,P205,P172,P10,P226,-36.656188
64.0,64,P22,P205,2.27982,-4.74229,0.7259366413323842,True,1,P22,P55,P172,P205,P5,P39,22.909563
65.0,65,P23,P150,2.23277,-5.44877,0.8340826463992407,True,1,P23,P171,P224,P150,P18,P122,38.883932
66.0,66,P23,P171,2.25623,-4.99761,0.765020321002962,True,1,P23,P150,P224,P171,P21,P242,37.891482
67.0,67,P23,P224,2.28307,-4.83794,0.7405784788715145,True,1,P23,P150,P171,P224,P105,P222,-156.932938
68.0,68,P24,P50,2.24773,-5.14876,0.7881579450911957,True,1,P24,P7,P152,P50,P98,P173,-45.342995
69.0,69,P24,P152,2.22867,-5.26889,0.8065471133460387,True,1,P24,P7,P50,P152,P82,P94,-96.620056
70.0,70,P25,P42,2.24667,-5.11635,0.7831967119009896,True,1,P25,P102,P217,P42,P20,P60,54.187623
71.0,71,P25,P102,2.25942,-4.90317,0.7505637069183256,True,1,P25,P42,P217,P102,P16,P111,4.919599
72.0,72,P25,P217,2.22286,-5.19866,0.7957964991236328,True,1,P25,P42,P102,P217,P191,P198,-71.0846
73.0,73,P26,P46,2.27853,-5.07826,0.7773660000153078,True,1,P26,P18,P83,P46,P174,P183,-8.003323
74.0,74,P26,P83,2.26113,-5.04974,0.7730002372697143,True,1,P26,P18,P46,P83,P163,P232,92.624257
75.0,75,P27,P165,2.23447,-5.29342,0.8103020979235073,True,1,P27,P203,P240,P165,P84,P193,-103.884487
76.0,76,P27,P203,2.24352,-5.16633,0.7908475121122363,True,1,P27,P165,P240,P203,P15,P221,-21.350197
77.0,77,P27,P240,2.23591,-5.31051,0.8129181878716906,True,1,P27,P165,P203,P240,P53,P146,-19.502718
78.0,78,P28,P37,2.18146,-5.41888,0.8295071678415343,False,0,,,,,,,
79.0,79,P28,P44,2.2373,-4.81448,0.7369872869356233,False,0,,,,,,,
80.0,80,P28,P76,2.22442,-5.06975,0.7760633127444452,False,0,,,,,,,
81.0,81,P28,P218,2.2376,-4.94658,0.7572087896948405,False,0,,,,,,,
82.0,82,P29,P81,2.26101,-4.64193,0.7105738100158435,False,0,,,,,,,
83.0,83,P29,P93,2.18356,-5.42855,0.830987424705135,False,0,,,,,,,
84.0,84,P29,P161,2.25803,-4.75918,0.7285221158335438,False,0,,,,,,,
85.0,85,P29,P195,2.20574,-5.26082,0.8053117800586285,False,0,,,,,,,
86.0,86,P30,P69,2.27699,-4.8544,0.743098130161573,True,1,P30,P8,P78,P69,P94,P130,17.80943
87.0,87,P30,P78,2.26425,-5.07355,0.7766450062378973,True,1,P30,P8,P69,P78,P61,P82,58.154585
88.0,88,P31,P34,2.23584,-5.21454,0.7982273656173222,True,1,P31,P6,P235,P34,P148,P219,40.153455
89.0,89,P31,P235,2.22203,-5.44841,0.8340275385945979,True,1,P31,P6,P34,P235,P14,P126,-58.776089
90.0,90,P32,P135,2.22141,-5.43572,0.832084988480938,True,1,P32,P1,P161,P135,P81,P230,68.528405
91.0,91,P32,P161,2.22397,-5.3613,0.8206929806433836,True,1,P32,P1,P135,P161,P29,P77,-65.625678
92.0,92,P33,P79,2.24848,-5.13662,0.7862995874568512,True,1,P33,P103,P125,P79,P153,P221,4.426908
93.0,93,P33,P103,2.23247,-5.17053,0.7914904364997359,True,1,P33,P79,P125,P103,P123,P191,-117.336285
94.0,94,P33,P125,2.25584,-4.95481,0.7584686153398698,True,1,P33,P79,P103,P125,P64,P221,102.307114
95.0,95,P34,P148,2.26262,-5.02821,0.7697044843976028,True,1,P34,P31,P219,P148,P145,P234,44.050926
96.0,96,P34,P219,2.26048,-4.81293,0.7367500172211888,False,0,,,,,,,
97.0,97,P35,P67,2.12779,-6.53265,1.0,False,0,,,,,,,
98.0,98,P35,P102,2.47807,-2.60565,0.3988656976877683,False,0,,,,,,,
99.0,99,P36,P157,2.21074,-5.36612,0.821430812916657,True,1,P36,P12,P230,P157,P106,P144,61.691594
100.0,100,P36,P230,2.21949,-5.29946,0.8112266844236259,True,1,P36,P12,P157,P230,P58,P135,79.008987
101.0,101,P37,P168,2.23367,-5.19081,0.7945948428279488,True,1,P37,P28,P238,P168,P38,P127,-54.151893
102.0,102,P37,P238,2.24267,-5.07434,0.7767659372536413,True,1,P37,P28,P168,P238,P129,P154,23.245266
103.0,103,P38,P54,2.25471,-5.13933,0.7867144267640238,True,1,P38,P168,P218,P54,P113,P129,21.21235
104.0,104,P38,P168,2.27385,-5.07351,0.7766388831484925,True,1,P38,P54,P218,P168,P37,P127,21.959137
105.0,105,P38,P218,2.26229,-5.1113,0.7824236718636387,True,1,P38,P54,P168,P218,P28,P154,13.634745
106.0,106,P39,P183,2.22956,-5.21213,0.7978584494806855,True,1,P39,P10,P205,P183,P46,P232,-63.928668
107.0,107,P39,P205,2.26212,-4.94598,0.757116943353769,True,1,P39,P10,P183,P205,P5,P22,99.089126
108.0,108,P40,P75,2.22377,-5.19112,0.7946422967708356,True,1,P40,P239,P241,P75,P2,P227,61.529174
109.0,109,P40,P239,2.20642,-5.29592,0.8106847910113046,True,1,P40,P75,P241,P239,P66,P114,-55.712312
110.0,110,P40,P241,2.20902,-5.39319,0.8255746136713278,True,1,P40,P75,P239,P241,P233,P245,-67.566393
111.0,111,P41,P59,2.23902,-5.20983,0.7975063718399118,True,1,P41,P96,P110,P59,P21,P137,-70.008511
112.0,112,P41,P96,2.2617,-5.1686,0.7911949974359562,True,1,P41,P59,P110,P96,P11,P95,80.89222
113.0,113,P41,P110,2.29681,-4.64614,0.7112182651756943,True,1,P41,P59,P96,P110,P139,P242,-4.98408
114.0,114,P42,P60,2.25073,-4.99824,0.7651167596610869,True,1,P42,P20,P25,P60,P16,P198,-50.431249
115.0,115,P43,P128,2.19917,-5.55462,0.8502858717365847,True,1,P43,P181,P206,P128,P147,P233,58.885754
116.0,116,P43,P181,2.27849,-4.78824,0.7329705402861013,True,1,P43,P128,P206,P181,P93,P245,12.35296
117.0,117,P43,P206,2.25746,-4.94472,0.7569240660375193,False,0,,,,,,,
118.0,118,P44,P132,2.21066,-5.39695,0.8261501840753752,True,1,P44,P28,P204,P132,P175,P202,65.117883
119.0,119,P44,P154,2.79241,-0.70587,0.1080526279534339,False,0,,,,,,,
120.0,120,P44,P204,2.24894,-5.09773,0.7803464137830742,True,1,P44,P28,P132,P204,P45,P229,-96.539745
121.0,121,P45,P202,2.21764,-5.25228,0.8040045004707125,True,1,P45,P204,P237,P202,P116,P132,68.519907
122.0,122,P45,P204,2.24396,-5.14551,0.787660444077059,True,1,P45,P202,P237,P204,P44,P229,16.812843
123.0,123,P45,P237,2.20602,-5.27144,0.8069374602955921,True,1,P45,P202,P204,P237,P72,P175,-53.873804
124.0,124,P46,P174,2.22885,-5.37869,0.8233549937621026,True,1,P46,P26,P183,P174,P118,P122,76.95735
125.0,125,P46,P183,2.25988,-5.05229,0.7733905842192679,True,1,P46,P26,P174,P183,P39,P232,32.690749
126.0,126,P47,P57,2.24925,-5.12455,0.7844519452289652,True,1,P47,P140,P170,P57,P92,P124,19.47646
127.0,127,P47,P140,2.23658,-5.16359,0.7904280804880102,True,1,P47,P57,P170,P140,P65,P209,58.976389
128.0,128,P47,P170,2.22271,-5.3249,0.8151209692850528,True,1,P47,P57,P140,P170,P176,P247,-50.679987
129.0,129,P48,P234,2.29201,-4.86612,0.7448921953571673,True,1,P48,P6,P13,P234,P148,P225,16.207949
130.0,130,P49,P84,2.22678,-5.25129,0.8038529540079447,True,1,P49,P99,P178,P84,P73,P165,-96.37773
131.0,131,P49,P99,2.19617,-5.61586,0.8596603216152708,True,1,P49,P84,P178,P99,P100,P212,66.317405
132.0,132,P49,P178,2.24004,-5.21759,0.7986942511844352,True,1,P49,P84,P99,P178,P109,P210,42.886704
133.0,133,P50,P98,2.22152,-5.36254,0.8208827964149311,True,1,P50,P24,P173,P98,P82,P167,57.516748
134.0,134,P50,P173,2.27596,-4.99114,0.7640299112917421,True,1,P50,P24,P98,P173,P97,P187,19.919128
135.0,135,P51,P166,2.24269,-5.21702,0.7986069971604172,True,1,P51,P211,P236,P166,P143,P225,-33.933299
136.0,136,P51,P211,2.28358,-4.81768,0.7374771340880041,True,1,P51,P166,P236,P211,P87,P244,-6.490948
137.0,137,P51,P236,2.23673,-5.29198,0.8100816667049359,True,1,P51,P166,P211,P236,P112,P133,76.86181
138.0,138,P52,P63,2.22047,-5.20179,0.7962756308695552,True,1,P52,P163,P199,P63,P85,P156,84.211533
139.0,139,P52,P163,2.24312,-5.02799,0.7696708074058766,True,1,P52,P63,P199,P163,P83,P134,-96.031817
140.0,140,P52,P199,2.26452,-4.91034,0.7516612706941287,True,1,P52,P63,P163,P199,P101,P134,-13.03222
141.0,141,P53,P64,2.28229,-4.85333,0.7429343375199956,True,1,P53,P193,P240,P64,P15,P125,-19.751283
142.0,142,P53,P193,2.18559,-5.80521,0.8886454960850496,True,1,P53,P64,P240,P193,P109,P165,65.176869
143.0,143,P53,P240,2.22444,-5.3005,0.8113858847481497,True,1,P53,P64,P193,P240,P27,P146,47.752033
144.0,144,P54,P113,2.24616,-4.95737,0.7588604930617743,True,1,P54,P38,P129,P113,P20,P154,-48.954414
145.0,145,P54,P129,2.19155,-5.6348,0.8625596044484245,True,1,P54,P38,P113,P129,P127,P238,-50.684725
146.0,146,P55,P184,2.25164,-5.08852,0.7789365724476284,True,1,P55,P5,P22,P184,P86,P226,51.089046
147.0,147,P56,P142,2.20854,-5.28101,0.8084024094356808,True,1,P56,P158,P188,P142,P80,P120,-53.18389
148.0,148,P56,P158,2.24223,-5.13627,0.7862460104245597,True,1,P56,P142,P188,P158,P151,P243,24.873926
149.0,149,P56,P188,2.21437,-5.38663,0.8245704270089473,True,1,P56,P142,P158,P188,P185,P213,54.300205
150.0,150,P57,P92,2.24775,-5.10406,0.7813153926813773,True,1,P57,P47,P124,P92,P65,P231,-84.091136
151.0,151,P57,P124,2.24061,-5.31648,0.8138320589653509,True,1,P57,P47,P92,P124,P9,P176,18.68327
152.0,152,P58,P144,2.22018,-5.23606,0.8015215877170826,True,1,P58,P3,P230,P144,P157,P208,-61.459504
153.0,153,P58,P230,2.26892,-4.94219,0.7565367806326682,True,1,P58,P3,P144,P230,P36,P135,-11.550701
154.0,154,P59,P137,2.20371,-5.34733,0.8185544916687715,True,1,P59,P21,P41,P137,P242,P248,-56.843042
155.0,155,P60,P198,2.29718,-4.7961,0.7341737273541366,True,1,P60,P16,P42,P198,P111,P217,-3.253226
156.0,156,P61,P78,2.2095,-5.49625,0.8413507535226898,True,1,P61,P94,P192,P78,P30,P82,-49.201407
157.0,157,P61,P94,2.20946,-5.4044,0.8272906094770116,True,1,P61,P78,P192,P94,P69,P152,61.795886
158.0,158,P61,P192,2.23003,-5.21471,0.7982533887472925,True,1,P61,P78,P94,P192,P8,P189,22.999892
159.0,159,P62,P123,2.26662,-4.76846,0.729942672575448,True,1,P62,P164,P222,P123,P103,P115,-149.985225
160.0,160,P62,P164,2.21375,-5.27751,0.8078666391127644,True,1,P62,P123,P222,P164,P149,P216,86.491394
161.0,161,P62,P222,2.29987,-4.70466,0.7201763449748569,True,1,P62,P123,P164,P222,P169,P224,-117.426118
162.0,162,P63,P85,2.19869,-5.55138,0.8497899014947992,True,1,P63,P52,P156,P85,P189,P200,-68.844983
163.0,163,P63,P156,2.23807,-5.21008,0.7975446411486915,True,1,P63,P52,P85,P156,P101,P115,-56.693561
164.0,164,P64,P125,2.23238,-5.35303,0.8194270319089497,True,1,P64,P15,P53,P125,P33,P221,-81.583035
165.0,165,P65,P92,2.22671,-5.19053,0.7945519812021155,True,1,P65,P140,P247,P92,P57,P231,56.113518
166.0,166,P65,P140,2.21291,-5.16728,0.7909929354855992,True,1,P65,P92,P247,P140,P47,P209,-56.370136
167.0,167,P65,P246,2.61223,-1.51748,0.23229164274834865,False,0,,,,,,,
168.0,168,P65,P247,2.30959,-4.10971,0.6291030439408203,True,1,P65,P92,P140,P247,P9,P170,24.861833
169.0,169,P66,P227,2.19394,-5.53046,0.8465875257361101,False,0,,,,,,,
170.0,170,P66,P233,2.20905,-5.33192,0.816195571475588,True,1,P66,P227,P239,P233,P128,P241,76.431707
171.0,171,P66,P239,2.22657,-5.20049,0.7960766304639005,True,1,P66,P227,P233,P239,P40,P114,60.361995
172.0,172,P67,P138,2.21114,-5.37856,0.8233350937215372,False,0,,,,,,,
173.0,173,P67,P247,2.66309,-1.60113,0.24509655346605128,False,0,,,,,,,
174.0,174,P68,P231,2.30616,-4.41263,0.6754732000030615,True,1,P68,P14,P246,P231,P92,P209,-79.021328
175.0,175,P68,P246,2.25035,-4.74357,0.7261325801933365,False,0,,,,,,,
176.0,176,P69,P94,2.23091,-5.18123,0.793128362915509,True,1,P69,P30,P130,P94,P61,P152,-90.966983
177.0,177,P69,P130,2.24338,-5.1059,0.7815970547939963,True,1,P69,P30,P94,P130,P189,P201,25.972519
178.0,178,P70,P175,2.27493,-5.01645,0.7679042961126036,True,1,P70,P187,P229,P175,P132,P237,-101.092908
179.0,179,P70,P187,2.28306,-4.7629,0.7290915631481864,True,1,P70,P175,P229,P187,P173,P207,25.794794
180.0,180,P70,P229,2.18906,-5.77722,0.8843608642740695,True,1,P70,P175,P187,P229,P72,P204,73.45787
181.0,181,P71,P104,2.21496,-5.56789,0.8523172066466136,True,1,P71,P12,P120,P104,P106,P194,41.267143
182.0,182,P71,P120,2.22831,-5.31942,0.8142821060366008,True,1,P71,P12,P104,P120,P142,P213,88.316592
183.0,183,P72,P90,2.1932,-5.55186,0.8498633785676563,True,1,P72,P229,P237,P90,P97,P207,-55.875912
184.0,184,P72,P229,2.2293,-5.2868,0.8092887266270197,True,1,P72,P90,P237,P229,P70,P204,-58.026556
185.0,185,P72,P237,2.1992,-5.49595,0.8413048303521541,True,1,P72,P90,P229,P237,P45,P175,68.777742
186.0,186,P73,P84,2.24624,-5.13255,0.7856765631099171,True,1,P73,P109,P210,P84,P49,P165,43.73392
187.0,187,P73,P109,2.27983,-4.644,0.7108906798925397,True,1,P73,P84,P210,P109,P178,P193,-35.001223
188.0,188,P73,P210,2.26222,-4.90009,0.7500922290341591,True,1,P73,P84,P109,P210,P178,P212,40.401707
189.0,189,P74,P147,2.25488,-5.0963,0.7801275133368542,True,1,P74,P206,P228,P147,P128,P245,-76.963752
190.0,190,P74,P206,2.22875,-5.27539,0.8075421153743121,False,0,,,,,,,
191.0,191,P74,P228,2.23982,-5.17794,0.7926247388119676,True,1,P74,P147,P206,P228,P86,P162,62.950834
192.0,192,P75,P227,2.15948,-6.00695,0.9195272974979525,False,0,,,,,,,
193.0,193,P76,P116,2.27217,-4.8972,0.7496498358246653,True,1,P76,P28,P182,P116,P196,P202,-34.896925
194.0,194,P76,P182,2.23326,-5.21016,0.7975568873275011,True,1,P76,P28,P116,P182,P133,P244,73.63212
195.0,195,P77,P141,2.29701,-4.6763,0.7158350745868828,True,1,P77,P17,P161,P141,P195,P215,-6.083361
196.0,196,P77,P161,2.2347,-5.45984,0.8357772113920078,True,1,P77,P17,P141,P161,P29,P32,-29.162098
197.0,197,P78,P82,2.26452,-5.14741,0.7879512908237851,True,1,P78,P30,P61,P82,P98,P152,-86.328191
198.0,198,P79,P153,2.25895,-5.02321,0.7689390982220078,True,1,P79,P33,P221,P153,P111,P191,117.433666
199.0,199,P79,P221,2.25722,-4.92532,0.753954367676211,True,1,P79,P33,P153,P221,P125,P203,-105.551576
200.0,200,P80,P142,2.22032,-5.30933,0.8127375567342503,True,1,P80,P151,P185,P142,P56,P120,65.569365
201.0,201,P80,P151,2.21395,-5.34167,0.817688074517998,True,1,P80,P142,P185,P151,P155,P158,-44.321004
202.0,202,P80,P185,2.26246,-4.99129,0.7640528728770101,True,1,P80,P142,P151,P185,P188,P190,15.522748
203.0,203,P81,P135,2.25461,-5.09365,0.7797218586637888,True,1,P81,P3,P29,P135,P32,P230,-44.549411
204.0,204,P82,P98,2.23731,-5.29408,0.8104031288986858,True,1,P82,P78,P152,P98,P50,P167,56.348328
205.0,205,P82,P152,2.25538,-5.09487,0.779908612890634,True,1,P82,P78,P98,P152,P24,P94,23.537883
206.0,206,P83,P163,2.25111,-5.09057,0.7792503807796223,True,1,P83,P26,P232,P163,P52,P134,-45.331133
207.0,207,P83,P232,2.20332,-5.51878,0.8447995836299204,True,1,P83,P26,P163,P232,P159,P183,-67.795048
208.0,208,P84,P165,2.21737,-5.27116,0.8068945986697588,True,1,P84,P49,P73,P165,P27,P193,57.761298
209.0,209,P85,P189,2.19836,-5.58782,0.8553680359425347,True,1,P85,P63,P200,P189,P130,P192,80.493315
210.0,210,P85,P200,2.29884,-4.70699,0.7205330149326843,True,1,P85,P63,P189,P200,P101,P201,-6.13747
211.0,211,P86,P88,2.28879,-4.79023,0.7332751639839882,True,1,P86,P184,P228,P88,P108,P214,21.204867
212.0,212,P86,P184,2.27695,-5.0511,0.7732084223094762,True,1,P86,P88,P228,P184,P55,P226,11.974839
213.0,213,P86,P228,2.24038,-5.29364,0.8103357749152335,True,1,P86,P88,P184,P228,P74,P162,-92.082843
214.0,214,P87,P211,2.23357,-5.39975,0.8265788003337083,True,1,P87,P13,P225,P211,P51,P244,41.962218
215.0,215,P87,P225,2.22836,-5.27548,0.8075558923254728,True,1,P87,P13,P211,P225,P166,P234,-60.403443
216.0,216,P88,P108,2.21347,-5.4148,0.828882612722249,True,1,P88,P86,P214,P108,P5,P226,-53.206302
217.0,217,P88,P214,2.19577,-5.62177,0.8605650080748241,False,0,,,,,,,
218.0,218,P89,P121,2.22754,-5.24104,0.8022839123479751,True,1,P89,P136,P212,P121,P100,P179,-59.826999
219.0,219,P89,P136,2.2217,-5.38829,0.8248245352192448,True,1,P89,P121,P212,P136,P4,P220,82.577851
220.0,220,P89,P212,2.25543,-5.12529,0.7845652223829532,True,1,P89,P121,P136,P212,P99,P210,29.328556
221.0,221,P90,P97,2.18618,-5.56562,0.8519697213228934,True,1,P90,P72,P207,P97,P7,P173,75.180016
222.0,222,P90,P207,2.26044,-4.95939,0.7591697090767147,True,1,P90,P72,P97,P207,P167,P187,-60.086331
223.0,223,P91,P95,2.21768,-5.46098,0.8359517194400434,True,1,P91,P107,P139,P95,P96,P177,-30.936374
224.0,224,P91,P107,2.24282,-5.21068,0.7976364874897629,True,1,P91,P95,P139,P107,P186,P223,-8.070653
225.0,225,P91,P139,2.26409,-4.8134,0.7368219635216948,True,1,P91,P95,P107,P139,P11,P110,97.444513
226.0,226,P92,P231,2.25052,-5.01069,0.7670225712383183,True,1,P92,P57,P65,P231,P68,P209,69.753147
227.0,227,P93,P181,2.21435,-5.2603,0.8052321798963666,False,0,,,,,,,
228.0,228,P93,P206,2.48369,-2.44592,0.3744146709222138,False,0,,,,,,,
229.0,229,P94,P152,2.1953,-5.45527,0.835077648427514,True,1,P94,P61,P69,P152,P24,P82,59.94157
230.0,230,P95,P96,2.22303,-5.29715,0.8108730760105011,True,1,P95,P91,P177,P96,P11,P41,-55.92066
231.0,231,P95,P177,2.21654,-5.3797,0.8235096017695728,True,1,P95,P91,P96,P177,P131,P223,61.469027
232.0,232,P97,P173,2.289,-4.85226,0.7427705448784184,True,1,P97,P7,P90,P173,P50,P187,17.667776
233.0,233,P98,P167,2.26009,-5.14693,0.787877813750928,True,1,P98,P50,P82,P167,P7,P207,-86.897886
234.0,234,P99,P100,2.19379,-5.60863,0.8585535732053607,True,1,P99,P49,P212,P100,P4,P121,-49.16251
235.0,235,P99,P212,2.28873,-4.77002,0.7301814730622335,True,1,P99,P49,P100,P212,P89,P210,11.971132
236.0,236,P100,P121,2.19812,-5.29387,0.8103709826793108,True,1,P100,P4,P99,P121,P89,P179,62.582942
237.0,237,P101,P156,2.21943,-5.3457,0.8183049757755275,True,1,P101,P199,P200,P156,P63,P115,56.133151
238.0,238,P101,P199,2.22767,-5.34967,0.8189126923989498,True,1,P101,P156,P200,P199,P52,P134,-56.109343
239.0,239,P101,P200,2.2343,-5.33479,0.8166349031403795,True,1,P101,P156,P199,P200,P85,P201,79.325944
240.0,240,P102,P111,2.2828,-4.28143,0.6553894667554515,True,1,P102,P16,P25,P111,P153,P198,69.907534
241.0,241,P103,P123,2.24545,-5.05116,0.7732176069435834,True,1,P103,P33,P191,P123,P62,P115,-150.87744
242.0,242,P103,P191,2.24177,-5.23121,0.8007791631267556,True,1,P103,P33,P123,P191,P153,P217,20.9758
243.0,243,P104,P106,2.2325,-5.23681,0.8016363956434219,True,1,P104,P71,P194,P106,P157,P213,-51.070318
244.0,244,P104,P194,2.24423,-5.15358,0.7888957773644691,True,1,P104,P71,P106,P194,P119,P208,-38.995552
245.0,245,P105,P117,2.265,-4.92424,0.7537890442622825,True,1,P105,P122,P224,P117,P149,P169,-127.174322
246.0,246,P105,P122,2.23521,-5.20112,0.7961730691220256,True,1,P105,P117,P224,P122,P150,P174,76.489402
247.0,247,P105,P224,2.212,-5.43613,0.8321477501473369,True,1,P105,P117,P122,P224,P23,P222,49.775701
248.0,248,P106,P157,2.20968,-5.26543,0.8060174661125271,True,1,P106,P104,P213,P157,P36,P144,56.198241
249.0,249,P106,P213,2.20874,-5.51364,0.8440127666414088,True,1,P106,P104,P157,P213,P120,P188,-81.007135
250.0,250,P107,P186,2.18327,-5.68741,0.8706129977880339,True,1,P107,P91,P223,P186,P131,P197,-63.320405
251.0,251,P107,P223,2.30335,-4.64855,0.7115871813123311,True,1,P107,P91,P186,P223,P126,P177,39.213462
252.0,252,P108,P226,2.22665,-5.1768,0.792450230763932,True,1,P108,P5,P88,P226,P172,P184,54.724614
253.0,253,P109,P178,2.25291,-4.90552,0.7509234384208552,True,1,P109,P73,P193,P178,P49,P210,38.633738
254.0,254,P109,P193,2.21724,-5.49394,0.840997145109565,True,1,P109,P73,P178,P193,P53,P165,-89.54742
255.0,255,P110,P139,2.20687,-5.28063,0.8083442400863355,True,1,P110,P41,P242,P139,P11,P91,-69.699311
256.0,256,P110,P171,2.78913,-0.59464,0.09102584709114983,False,0,,,,,,,
257.0,257,P110,P242,2.21018,-5.32477,0.8151010692444872,True,1,P110,P41,P139,P242,P137,P171,71.115026
258.0,258,P111,P153,2.19569,-5.60149,0.8574606017466112,True,1,P111,P102,P198,P153,P79,P191,-65.516917
259.0,259,P111,P198,2.22415,-5.26257,0.8055796652200868,True,1,P111,P102,P153,P198,P60,P217,-47.400633
260.0,260,P112,P196,2.24986,-4.97582,0.7616847680497194,True,1,P112,P236,P244,P196,P116,P119,-10.347577
261.0,261,P112,P236,2.21733,-5.30071,0.8114180309675245,True,1,P112,P196,P244,P236,P51,P133,54.134116
262.0,262,P112,P244,2.19295,-5.4929,0.8408379447850413,True,1,P112,P196,P236,P244,P182,P211,-60.997555
263.0,263,P113,P154,2.19866,-5.43448,0.8318951727093904,True,1,P113,P20,P54,P154,P218,P238,59.416243
264.0,264,P114,P216,2.20867,-5.49941,0.8418344775856659,True,1,P114,P2,P239,P216,P164,P169,74.834256
265.0,265,P114,P239,2.23559,-5.09782,0.7803601907342349,True,1,P114,P2,P216,P239,P40,P66,-75.597478
266.0,266,P115,P123,2.28563,-4.67843,0.7161611290976861,True,1,P115,P134,P156,P123,P62,P103,-171.26353
267.0,267,P115,P134,2.30269,-4.68846,0.7176964937659296,True,1,P115,P123,P156,P134,P163,P199,25.587078
268.0,268,P115,P156,2.23325,-5.25057,0.803742738398659,True,1,P115,P123,P134,P156,P63,P101,-57.485406
269.0,269,P116,P196,2.23475,-5.31976,0.8143341522965412,True,1,P116,P76,P202,P196,P112,P119,-54.991988
270.0,270,P116,P202,2.21471,-5.51179,0.8437295737564389,True,1,P116,P76,P196,P202,P45,P132,71.262719
271.0,271,P117,P149,2.22329,-5.25292,0.8041024699011885,True,1,P117,P105,P169,P149,P2,P164,87.084914
272.0,272,P117,P169,2.24792,-5.15504,0.7891192701277429,True,1,P117,P105,P149,P169,P216,P222,-17.062783
273.0,273,P118,P159,2.24557,-5.03814,0.7712245413423343,True,1,P118,P18,P174,P159,P10,P232,-49.4586
274.0,274,P118,P174,2.20373,-5.51508,0.8442331978599803,True,1,P118,P18,P159,P174,P46,P122,-61.232195
275.0,275,P119,P133,2.24708,-5.04138,0.7717205115841198,True,1,P119,P194,P196,P133,P182,P236,68.183539
276.0,276,P119,P194,2.24698,-5.0952,0.7799591283782232,True,1,P119,P133,P196,P194,P104,P208,-175.409983
277.0,277,P119,P196,2.22748,-5.32845,0.8156643934697251,True,1,P119,P133,P194,P196,P112,P116,-39.233852
278.0,278,P120,P142,2.19276,-5.6659,0.8673203064606246,True,1,P120,P71,P213,P142,P56,P80,-77.101212
279.0,279,P120,P213,2.30004,-4.6188,0.7070331335675415,True,1,P120,P71,P142,P213,P106,P188,-1.837376
280.0,280,P121,P179,2.22605,-5.3505,0.8190397465040986,True,1,P121,P89,P100,P179,P180,P215,-26.109467
281.0,281,P122,P150,2.25988,-5.04175,0.7717771501611138,True,1,P122,P105,P174,P150,P18,P23,1.436954
282.0,282,P122,P174,2.2117,-5.4402,0.8327707744942711,True,1,P122,P105,P150,P174,P46,P118,-79.336116
283.0,283,P124,P176,2.23546,-5.06043,0.7746366329131363,True,1,P124,P9,P57,P176,P138,P170,-36.996581
284.0,284,P125,P221,2.28866,-4.68522,0.7172005235241441,True,1,P125,P33,P64,P221,P79,P203,9.602064
285.0,285,P126,P197,2.25005,-5.1551,0.78912845476185,True,1,P126,P223,P235,P197,P146,P186,-143.971354
286.0,286,P126,P223,2.27403,-5.08218,0.7779660627769741,True,1,P126,P197,P235,P223,P107,P177,107.916848
287.0,287,P126,P235,2.32721,-4.53561,0.6942986383779937,True,1,P126,P197,P223,P235,P14,P31,-24.107596
288.0,288,P127,P129,2.30504,-4.38284,0.6709130291688671,True,1,P127,P168,P243,P129,P54,P238,-44.683503
289.0,289,P127,P168,2.24608,-5.09456,0.7798611589477471,True,1,P127,P129,P243,P168,P37,P38,56.43283
290.0,290,P127,P243,2.26307,-4.68872,0.7177362938470605,True,1,P127,P129,P168,P243,P158,P190,154.202134
291.0,291,P128,P147,2.21375,-5.31057,0.8129273725057978,True,1,P128,P43,P233,P147,P74,P245,-52.333759
292.0,292,P128,P233,2.2244,-5.07234,0.7764597827834033,True,1,P128,P43,P147,P233,P66,P241,-71.473014
293.0,293,P129,P238,2.2363,-5.27205,0.8070308374090147,True,1,P129,P54,P127,P238,P37,P154,17.853334
294.0,294,P130,P189,2.2338,-5.2694,0.8066251827359494,True,1,P130,P69,P201,P189,P85,P192,52.433545
295.0,295,P130,P201,2.2006,-5.4928,0.8408226370615294,True,1,P130,P69,P189,P201,P8,P200,-52.61141
296.0,296,P131,P177,2.22014,-5.48171,0.8391250105240599,True,1,P131,P11,P186,P177,P95,P223,-30.868942
297.0,297,P131,P186,2.31258,-4.51473,0.6911023857087093,True,1,P131,P11,P177,P186,P107,P197,87.200177
298.0,298,P132,P175,2.28982,-4.88262,0.7474179697366307,True,1,P132,P44,P202,P175,P70,P237,18.430416
299.0,299,P132,P202,2.21717,-5.35237,0.8193260009337711,True,1,P132,P44,P175,P202,P45,P116,-66.809998
300.0,300,P133,P182,2.25537,-5.18898,0.7943147114876811,True,1,P133,P119,P236,P182,P76,P244,-26.758351
301.0,301,P133,P236,2.23938,-5.1126,0.7826226722692934,True,1,P133,P119,P182,P236,P51,P112,-62.460358
302.0,302,P134,P163,2.2722,-4.87453,0.746179574904518,True,1,P134,P115,P199,P163,P52,P83,95.888671
303.0,303,P134,P199,2.27917,-4.85978,0.7439216856865131,True,1,P134,P115,P163,P199,P52,P101,11.395354
304.0,304,P135,P230,2.22891,-5.35173,0.8192280315032949,True,1,P135,P32,P81,P230,P36,P58,-61.992324
305.0,305,P136,P220,2.23934,-5.16041,0.7899412948803318,True,1,P136,P4,P89,P220,P17,P215,-26.598731
306.0,306,P137,P242,2.21779,-5.45478,0.8350026405823058,True,1,P137,P59,P248,P242,P110,P171,67.578491
307.0,307,P137,P248,2.20607,-5.35663,0.8199781099553779,False,0,,,,,,,
308.0,308,P138,P176,2.28687,-4.54228,0.6953196635362372,True,1,P138,P9,P67,P176,P124,P170,34.264259
309.0,309,P140,P209,2.19224,-5.67954,0.8694082799476476,False,0,,,,,,,
310.0,310,P141,P195,2.19575,-5.64616,0.864298561839376,True,1,P141,P77,P215,P195,P1,P29,40.289325
311.0,311,P141,P215,2.2104,-5.38718,0.8246546194882628,True,1,P141,P77,P195,P215,P179,P220,-74.481558
312.0,312,P143,P145,2.20784,-5.26579,0.8060725739171699,True,1,P143,P13,P166,P145,P6,P148,25.601182
313.0,313,P143,P166,2.21832,-5.43336,0.8317237262060573,True,1,P143,P13,P145,P166,P51,P225,-83.091991
314.0,314,P144,P157,2.19504,-5.49927,0.8418130467727492,True,1,P144,P58,P208,P157,P36,P106,-65.557864
315.0,315,P144,P208,2.21489,-5.49845,0.8416875234399516,True,1,P144,P58,P157,P208,P12,P194,76.448176
316.0,316,P145,P148,2.2119,-5.36326,0.8209930120242168,True,1,P145,P6,P143,P148,P34,P234,59.237105
317.0,317,P146,P197,2.21839,-5.27242,0.8070874759860087,True,1,P146,P15,P240,P197,P126,P186,-97.62603
318.0,318,P146,P240,2.21603,-5.42913,0.831076209501504,True,1,P146,P15,P197,P240,P27,P53,-66.611919
319.0,319,P147,P245,2.23586,-5.27607,0.807646207894193,True,1,P147,P74,P128,P245,P181,P241,55.461084
320.0,320,P148,P234,2.24492,-5.27702,0.807791631267556,True,1,P148,P34,P145,P234,P48,P225,-81.602721
321.0,321,P149,P164,2.19833,-5.56536,0.8519299212417625,True,1,P149,P2,P117,P164,P62,P216,-55.151141
322.0,322,P151,P155,2.16477,-6.04041,0.9246492617850336,False,0,,,,,,,
323.0,323,P151,P158,2.30039,-4.6241,0.7078444429136721,True,1,P151,P80,P155,P158,P56,P243,16.889977
324.0,324,P153,P191,2.24041,-5.28414,0.8088815411816032,True,1,P153,P79,P111,P191,P103,P217,-24.797112
325.0,325,P154,P218,2.23989,-5.08673,0.7786625641967655,True,1,P154,P113,P238,P218,P28,P38,-49.640531
326.0,326,P154,P238,2.30174,-4.56337,0.6985480624248964,True,1,P154,P113,P218,P238,P37,P129,17.424893
327.0,327,P155,P190,2.17461,-5.85174,0.8957681798351358,False,0,,,,,,,
328.0,328,P158,P243,2.22902,-5.1411,0.7869853734701843,True,1,P158,P56,P151,P243,P127,P190,-84.201775
329.0,329,P159,P232,2.23685,-5.20474,0.7967272087131562,True,1,P159,P10,P118,P232,P83,P183,52.063281
330.0,330,P160,P219,2.2515,-4.59031,0.7026719631390017,False,0,,,,,,,
331.0,331,P160,P248,2.23443,-5.0864,0.7786120487091762,False,0,,,,,,,
332.0,332,P162,P214,2.17975,-5.76963,0.8831990080595165,False,0,,,,,,,
333.0,333,P162,P228,2.25488,-4.91388,0.7522031641064498,True,1,P162,P5,P214,P228,P74,P86,64.259678
334.0,334,P164,P216,2.23295,-5.12198,0.7840585367347094,True,1,P164,P62,P149,P216,P114,P169,50.451997
335.0,335,P165,P193,2.25412,-5.03776,0.771166371992989,True,1,P165,P27,P84,P193,P53,P109,27.731637
336.0,336,P166,P225,2.23762,-5.29972,0.8112664845047568,True,1,P166,P51,P143,P225,P87,P234,59.108315
337.0,337,P167,P207,2.26536,-5.04697,0.7725762133284348,True,1,P167,P7,P98,P207,P90,P187,23.115208
338.0,338,P169,P216,2.19917,-5.52862,0.8463058636234913,True,1,P169,P117,P222,P216,P114,P164,-62.563244
339.0,339,P169,P222,2.21997,-5.4209,0.8298163838564747,True,1,P169,P117,P216,P222,P62,P224,49.765302
340.0,340,P170,P176,2.2578,-5.08828,0.7788998339111999,True,1,P170,P47,P247,P176,P124,P138,38.749231
341.0,341,P170,P247,2.2281,-5.17182,0.7916879061330394,True,1,P170,P47,P176,P247,P9,P65,22.262723
342.0,342,P171,P242,2.26328,-4.66435,0.714005801627211,True,1,P171,P21,P23,P242,P110,P137,-135.069085
343.0,343,P172,P226,2.21439,-5.36547,0.8213313127138298,True,1,P172,P10,P22,P226,P108,P184,58.126558
344.0,344,P173,P187,2.25047,-5.2121,0.7978538571636319,True,1,P173,P50,P97,P187,P70,P207,-91.351553
345.0,345,P175,P237,2.27304,-4.96631,0.760229003543738,True,1,P175,P70,P132,P237,P45,P72,23.997411
346.0,346,P177,P223,2.21652,-5.41852,0.8294520600368915,True,1,P177,P95,P131,P223,P107,P126,-55.059176
347.0,347,P178,P210,2.24736,-4.95312,0.7582099148125186,True,1,P178,P49,P109,P210,P73,P212,-37.895111
348.0,348,P179,P180,2.30241,-4.72092,0.7226653808178916,True,1,P179,P121,P215,P180,P4,P17,-13.35458
349.0,349,P179,P215,2.2174,-5.38435,0.8242214109128762,True,1,P179,P121,P180,P215,P141,P220,84.46111
350.0,350,P181,P245,2.24045,-5.09015,0.7791860883408724,True,1,P181,P43,P93,P245,P147,P241,-80.551044
351.0,351,P182,P244,2.21428,-5.3274,0.8155036623728502,True,1,P182,P76,P133,P244,P112,P211,89.461144
352.0,352,P183,P232,2.19781,-5.50491,0.8426764023788201,True,1,P183,P39,P46,P232,P83,P159,-53.469692
353.0,353,P184,P226,2.22181,-5.26213,0.8055123112366344,True,1,P184,P55,P86,P226,P108,P172,-49.828503
354.0,354,P185,P188,2.22411,-5.21242,0.79790284187887,True,1,P185,P80,P190,P188,P56,P213,-85.895015
355.0,355,P185,P190,2.26552,-4.93111,0.75484068486755,True,1,P185,P80,P188,P190,P155,P243,16.596409
356.0,356,P186,P197,2.21876,-5.21125,0.7977237415137807,True,1,P186,P107,P131,P197,P126,P146,71.907729
357.0,357,P187,P207,2.18821,-5.7356,0.8779897897484175,True,1,P187,P70,P173,P207,P90,P167,68.475042
358.0,358,P188,P213,2.20579,-5.52847,0.8462829020382234,True,1,P188,P56,P185,P213,P106,P120,73.662054
359.0,359,P189,P192,2.2189,-5.26046,0.8052566722539858,True,1,P189,P85,P130,P192,P8,P61,-87.489577
360.0,360,P190,P243,2.23233,-5.02863,0.7697687768363527,True,1,P190,P155,P185,P243,P127,P158,56.658556
361.0,361,P191,P217,2.23033,-5.33436,0.8165690799292783,True,1,P191,P103,P153,P217,P25,P198,91.228454
362.0,362,P194,P208,2.28686,-4.75766,0.7282894384361629,True,1,P194,P104,P119,P208,P12,P144,21.101311
363.0,363,P198,P217,2.22889,-5.29575,0.8106587678813345,True,1,P198,P60,P111,P217,P25,P191,44.043311
364.0,364,P200,P201,2.23005,-5.39129,0.8252837669246017,True,1,P200,P85,P101,P201,P8,P130,-69.325751
365.0,365,P203,P221,2.19693,-5.53123,0.8467053952071517,True,1,P203,P15,P27,P221,P79,P125,66.832135
366.0,366,P204,P229,2.2512,-4.99955,0.7653172908390928,True,1,P204,P44,P45,P229,P70,P72,18.878272
367.0,367,P206,P214,2.4933,-2.57454,0.39410346490321685,False,0,,,,,,,
368.0,368,P209,P231,2.22752,-5.47736,0.8384591245512923,False,0,,,,,,,
369.0,369,P209,P246,2.63599,-1.72335,0.26380565314229293,False,0,,,,,,,
370.0,370,P210,P212,2.21904,-5.58631,0.8551368893175051,True,1,P210,P73,P178,P212,P89,P99,-81.858807
371.0,371,P211,P244,2.20349,-5.43781,0.8324049199023367,True,1,P211,P51,P87,P244,P112,P182,-69.468374
372.0,372,P215,P220,2.22464,-5.29098,0.809928589469817,True,1,P215,P141,P179,P220,P17,P136,-51.140475
373.0,373,P219,P246,2.28032,-4.18389,0.6404583132419461,False,0,,,,,,,
374.0,374,P222,P224,2.28014,-4.84919,0.7423005977666032,True,1,P222,P62,P169,P224,P23,P105,44.156723
375.0,375,P225,P234,2.27,-5.06464,0.7752810880729871,True,1,P225,P87,P166,P234,P48,P148,24.567531
376.0,376,P233,P241,2.28701,-4.73364,0.7246125232486051,True,1,P233,P66,P128,P241,P40,P245,-3.351273
377.0,377,P241,P245,2.21421,-5.4566,0.8352812411502223,True,1,P241,P40,P233,P245,P147,P181,77.635593
378.0,378,P246,P248,2.43812,-2.8968,0.44343413469265913,False,0,,,,,,,
